ISO,COFFEE 1.1,ENGAGE_experimental2,ENGAGE_experimental,GCAM-USA_ENGAGE,TIAM-ECN 1.1,WITCH 5.0,DNE21+ V.15,IMAGE 3.0,POLES ENGAGE,India MARKAL,China TIMES V2.0,GCAM-KAIST1.0,GEM-E3_092019,GEM-E3_V2020,GEM-E3_V2021,MESSAGEix-KOREA,PRIMES_V2021,REMIND-MAgPIE 2.1-4.2,REMIND 3.0,MESSAGEix-GLOBIOM 1.1,IMAGE 2.4
ABW,Central America,,,,Other Latin America,Latin america and Caraibes (except Brasil and Mexico),Other Latin America,Rest C. America,,,China,Korea,Rest of the World_marker,Rest of the World_marker,Rest of the World_marker,Korea,nan_marker,,,,Rest C. America
AFG,Caspian Sea,South Asia,South Asia,,Other Developing Asia,South Asia,Other Asia,Rest S. Asia,,South Asia,,,Rest of the World_marker,Rest of the World_marker,Rest of the World_marker,,nan_marker,,,South Asia,Rest S. Asia
AGO,Africa (excluding South Africa),Sub-saharan Africa,Sub-saharan Africa,,Angola,Sub-Saharian African (except South Africa),Other Africa,Rest S. Africa,,Sub-saharan Africa,,,Rest of the World_marker,Rest of the World_marker,Rest of the World_marker,,nan_marker,,,Sub-saharan Africa,Rest S. Africa
AIA,Central America,,,,Other Latin America,Latin america and Caraibes (except Brasil and Mexico),Other Latin America,Rest C. America,,,,,Rest of the World_marker,Rest of the World_marker,Rest of the World_marker,,nan_marker,,,,Rest C. America
ALA,European Union_marker,,,,,Europe_marker,,,,,,,,,,,nan_marker,,,,
ALB,Rest of Europe_marker,Eastern Europe_marker,Eastern Europe_marker,,Eastern Europe_marker,Europe_marker,Other FUSSR (Eastern Europe),C. Europe_marker,,Eastern Europe_marker,,,Rest of the World_marker,Rest of the World_marker,Rest of the World_marker,,nan_marker,,,Eastern Europe_marker,C. Europe_marker
AND,European Union_marker,Western Europe_marker,Western Europe_marker,,Western Europe_marker,Europe_marker,Other Western Europe,W. Europe_marker,,Western Europe_marker,,,Rest of the World_marker,Rest of the World_marker,Rest of the World_marker,,nan_marker,,,Western Europe_marker,W. Europe_marker
ANT,Central America,Latin America and the Caribbean,Latin America and the Caribbean,,Other Latin America,Latin america and Caraibes (except Brasil and Mexico),Other Latin America,Rest C. America,,Latin America and the Caribbean,,,Rest of the World_marker,Rest of the World_marker,Rest of the World_marker,,nan_marker,,,Latin America and the Caribbean,Rest C. America
ARE,Middle East,Middle East and North Africa,Middle East and North Africa,,Middle East,Moyen-Orient and North Africa,Middle East & North Africa,Middle East,,Middle East and North Africa,,,Rest of energy producing countries,Rest of energy producing countries,Rest of energy producing countries,,nan_marker,,,Middle East and North Africa,Middle East
ARG,South America,Latin America and the Caribbean,Latin America and the Caribbean,,Argentina,Latin america and Caraibes (except Brasil and Mexico),"Argentina, Paraguay, Uruguay",Rest S. America,,Latin America and the Caribbean,,,Argentina,Argentina,Argentina,,nan_marker,,,Latin America and the Caribbean,Rest S. America
ARM,Caspian Sea,Former Soviet Union,Former Soviet Union,,Former Soviet Union_marker,Transition Economies (including Russia),Other FUSSR (Asia),Russia,,Former Soviet Union,,,Rest of the World_marker,Rest of the World_marker,Rest of the World_marker,,nan_marker,,,Former Soviet Union,Russia
ASM,United States,,,,Other Developing Asia,Oceania,Other Asia,Oceania,,,,,Rest of the World_marker,Rest of the World_marker,Rest of the World_marker,,nan_marker,,,,Oceania
ATA,Rest of Asia and Oceania,,,,Other Latin America,Latin america and Caraibes (except Brasil and Mexico),,,,,,,Rest of the World_marker,Rest of the World_marker,Rest of the World_marker,,nan_marker,,,,
ATF,Rest of Asia and Oceania,Western Europe_marker,Western Europe_marker,,Other Developing Asia,Sub-Saharian African (except South Africa),,,,Western Europe_marker,,,Rest of the World_marker,Rest of the World_marker,Rest of the World_marker,,nan_marker,,,Western Europe_marker,
ATG,Central America,Latin America and the Caribbean,Latin America and the Caribbean,,Other Latin America,Latin america and Caraibes (except Brasil and Mexico),Other Latin America,,,Latin America and the Caribbean,,,Rest of the World_marker,Rest of the World_marker,Rest of the World_marker,,nan_marker,,,Latin America and the Caribbean,
AUS,Australia & New Zealand,Pacific OECD,Pacific OECD,,Australia & New Zealand,Oceania,Australia,Oceania,,Pacific OECD,,,Oceania,Oceania,Oceania,,nan_marker,,,Pacific OECD,Oceania
AUT,European Union_marker,Western Europe_marker,Western Europe_marker,,Western Europe_marker,Europe_marker,EU-15_marker,W. Europe_marker,,Western Europe_marker,,,EU28_marker,EU28_marker,EU28_marker,,EU27_marker,,,Western Europe_marker,W. Europe_marker
AZE,Caspian Sea,Former Soviet Union,Former Soviet Union,,Former Soviet Union_marker,Transition Economies (including Russia),Other FUSSR (Asia),Russia,,Former Soviet Union,,,Rest of energy producing countries,Rest of energy producing countries,Rest of energy producing countries,,nan_marker,,,Former Soviet Union,Russia
BDI,Africa (excluding South Africa),Sub-saharan Africa,Sub-saharan Africa,,Eastern Africa,Sub-Saharian African (except South Africa),Other Africa,E. Africa,,Sub-saharan Africa,,,Rest of the World_marker,Rest of the World_marker,Rest of the World_marker,,nan_marker,,,Sub-saharan Africa,E. Africa
BEL,European Union_marker,Western Europe_marker,Western Europe_marker,,Western Europe_marker,Europe_marker,EU-15_marker,W. Europe_marker,,Western Europe_marker,,,EU28_marker,EU28_marker,EU28_marker,,EU27_marker,,,Western Europe_marker,W. Europe_marker
BEN,Africa (excluding South Africa),Sub-saharan Africa,Sub-saharan Africa,,Western Africa,Sub-Saharian African (except South Africa),Other Africa,W. Africa,,Sub-saharan Africa,,,Rest of the World_marker,Rest of the World_marker,Rest of the World_marker,,nan_marker,,,Sub-saharan Africa,W. Africa
BFA,Africa (excluding South Africa),Sub-saharan Africa,Sub-saharan Africa,,Western Africa,Sub-Saharian African (except South Africa),Other Africa,W. Africa,,Sub-saharan Africa,,,Rest of the World_marker,Rest of the World_marker,Rest of the World_marker,,nan_marker,,,Sub-saharan Africa,W. Africa
BGD,Rest of Asia and Oceania,South Asia,South Asia,,Other Developing Asia,South Asia,Other Asia,Rest S. Asia,,South Asia,,,Rest of the World_marker,Rest of the World_marker,Rest of the World_marker,,nan_marker,,,South Asia,Rest S. Asia
BGR,European Union_marker,Eastern Europe_marker,Eastern Europe_marker,,Eastern Europe_marker,Europe_marker,Eastern Europe (Other EU-28)_marker,C. Europe_marker,,Eastern Europe_marker,,,Rest of the World_marker,Rest of the World_marker,Rest of the World_marker,,EU27_marker,,,Eastern Europe_marker,C. Europe_marker
BHR,Middle East,Middle East and North Africa,Middle East and North Africa,,Middle East,Moyen-Orient and North Africa,Middle East & North Africa,Middle East,,Middle East and North Africa,,,Rest of the World_marker,Rest of the World_marker,Rest of the World_marker,,nan_marker,,,Middle East and North Africa,Middle East
BHS,Central America,Latin America and the Caribbean,Latin America and the Caribbean,,Other Latin America,Latin america and Caraibes (except Brasil and Mexico),Other Latin America,Rest C. America,,Latin America and the Caribbean,,,Rest of the World_marker,Rest of the World_marker,Rest of the World_marker,,nan_marker,,,Latin America and the Caribbean,Rest C. America
BIH,Rest of Europe_marker,Eastern Europe_marker,Eastern Europe_marker,,Eastern Europe_marker,Europe_marker,Other FUSSR (Eastern Europe),C. Europe_marker,,Eastern Europe_marker,,,Rest of Annex I,Rest of Europe,Rest of Europe,,nan_marker,,,Eastern Europe_marker,C. Europe_marker
BLM,Central America,,,,,Latin america and Caraibes (except Brasil and Mexico),,,,,,,,,,,nan_marker,,,,
BLR,Rest of Europe_marker,Former Soviet Union,Former Soviet Union,,Former Soviet Union_marker,Transition Economies (including Russia),Other FUSSR (Eastern Europe),Ukraine region,,Former Soviet Union,,,Rest of Annex I,Rest of Europe,Rest of Europe,,nan_marker,,,Former Soviet Union,Ukraine region
BLZ,Central America,Latin America and the Caribbean,Latin America and the Caribbean,,Other Latin America,Latin america and Caraibes (except Brasil and Mexico),Other Latin America,Rest C. America,,Latin America and the Caribbean,,,Rest of the World_marker,Rest of the World_marker,Rest of the World_marker,,nan_marker,,,Latin America and the Caribbean,Rest C. America
BMU,Central America,Latin America and the Caribbean,Latin America and the Caribbean,,Other Latin America,Latin america and Caraibes (except Brasil and Mexico),Other Latin America,Rest C. America,,Latin America and the Caribbean,,,Rest of the World_marker,Rest of the World_marker,Rest of the World_marker,,nan_marker,,,Latin America and the Caribbean,Rest C. America
BOL,South America,Latin America and the Caribbean,Latin America and the Caribbean,,Other Latin America,Latin america and Caraibes (except Brasil and Mexico),Other Latin America,Rest S. America,,Latin America and the Caribbean,,,Rest of the World_marker,Rest of the World_marker,Rest of the World_marker,,nan_marker,,,Latin America and the Caribbean,Rest S. America
BRA,Brazil,Latin America and the Caribbean,Latin America and the Caribbean,,Brazil,Brazil,Brazil,Brazil,,Latin America and the Caribbean,,,Brazil,Brazil,Brazil,,nan_marker,,,Latin America and the Caribbean,Brazil
BRB,Central America,Latin America and the Caribbean,Latin America and the Caribbean,,Other Latin America,Latin america and Caraibes (except Brasil and Mexico),Other Latin America,Rest C. America,,Latin America and the Caribbean,,,Rest of the World_marker,Rest of the World_marker,Rest of the World_marker,,nan_marker,,,Latin America and the Caribbean,Rest C. America
BRN,Rest of Asia and Oceania,Other Pacific Asia,Other Pacific Asia,,Other Developing Asia,South-East Asia,Other Asia,SE. Asia,,Other Pacific Asia,,,Rest of the World_marker,Rest of the World_marker,Rest of the World_marker,,nan_marker,,,Other Pacific Asia,SE. Asia
BTN,Rest of Asia and Oceania,South Asia,South Asia,,Other Developing Asia,South Asia,Other Asia,Rest S. Asia,,South Asia,,,Rest of the World_marker,Rest of the World_marker,Rest of the World_marker,,nan_marker,,,South Asia,Rest S. Asia
BVT,European Union_marker,,,,Other Latin America,Sub-Saharian African (except South Africa),Other Africa,,,,,,Rest of the World_marker,Rest of the World_marker,Rest of the World_marker,,nan_marker,,,,
BWA,Africa (excluding South Africa),Sub-saharan Africa,Sub-saharan Africa,,Southern Africa,Sub-Saharian African (except South Africa),Other Africa,Rest S. Africa,,Sub-saharan Africa,,,Rest of the World_marker,Rest of the World_marker,Rest of the World_marker,,nan_marker,,,Sub-saharan Africa,Rest S. Africa
CAF,Africa (excluding South Africa),Sub-saharan Africa,Sub-saharan Africa,,Central Africa,Sub-Saharian African (except South Africa),Other Africa,W. Africa,,Sub-saharan Africa,,,Rest of the World_marker,Rest of the World_marker,Rest of the World_marker,,nan_marker,,,Sub-saharan Africa,W. Africa
CAN,Canada,North America,North America,,Canada,Canada,Canada,Canada,,North America,,,Canada,Canada,Canada,,nan_marker,,,North America,Canada
CCK,Rest of Asia and Oceania,,,,Other Developing Asia,South-East Asia,Other Asia,,,,,,Rest of the World_marker,Rest of the World_marker,Rest of the World_marker,,nan_marker,,,,
CHE,European Union_marker,Western Europe_marker,Western Europe_marker,,Western Europe_marker,Europe_marker,Other Western Europe,W. Europe_marker,,Western Europe_marker,,,Rest of Annex I,Rest of Europe,Rest of Europe,,nan_marker,,,Western Europe_marker,W. Europe_marker
CHL,South America,Latin America and the Caribbean,Latin America and the Caribbean,,Chile,Latin america and Caraibes (except Brasil and Mexico),Other Latin America,Rest S. America,,Latin America and the Caribbean,,,Rest of the World_marker,Rest of the World_marker,Rest of the World_marker,,nan_marker,,,Latin America and the Caribbean,Rest S. America
CHN,China,Centrally Planned Asia and China,Centrally Planned Asia and China,,China,China,China,China,,Centrally Planned Asia and China,,,China,China,China,,nan_marker,,,Centrally Planned Asia and China,China
CIV,Africa (excluding South Africa),Sub-saharan Africa,Sub-saharan Africa,,Western Africa,Sub-Saharian African (except South Africa),Other Africa,W. Africa,,Sub-saharan Africa,,,Rest of the World_marker,Rest of the World_marker,Rest of the World_marker,,nan_marker,,,Sub-saharan Africa,W. Africa
CMR,Africa (excluding South Africa),Sub-saharan Africa,Sub-saharan Africa,,Central Africa,Sub-Saharian African (except South Africa),Other Africa,W. Africa,,Sub-saharan Africa,,,Rest of the World_marker,Rest of the World_marker,Rest of the World_marker,,nan_marker,,,Sub-saharan Africa,W. Africa
COD,Africa (excluding South Africa),Sub-saharan Africa,Sub-saharan Africa,,Congo DR,Sub-Saharian African (except South Africa),Other Africa,W. Africa,,Sub-saharan Africa,,,Rest of the World_marker,Rest of the World_marker,Rest of the World_marker,,nan_marker,,,Sub-saharan Africa,W. Africa
COG,Africa (excluding South Africa),Sub-saharan Africa,Sub-saharan Africa,,Central Africa,Sub-Saharian African (except South Africa),Other Africa,W. Africa,,Sub-saharan Africa,,,Rest of the World_marker,Rest of the World_marker,Rest of the World_marker,,nan_marker,,,Sub-saharan Africa,W. Africa
COK,Rest of Asia and Oceania,,,,Other Developing Asia,Oceania,Other Asia,Oceania,,,,,Rest of the World_marker,Rest of the World_marker,Rest of the World_marker,,nan_marker,,,,Oceania
COL,South America,Latin America and the Caribbean,Latin America and the Caribbean,,Colombia,Latin america and Caraibes (except Brasil and Mexico),Other Latin America,Rest S. America,,Latin America and the Caribbean,,,Rest of the World_marker,Rest of the World_marker,Rest of the World_marker,,nan_marker,,,Latin America and the Caribbean,Rest S. America
COM,Africa (excluding South Africa),Sub-saharan Africa,Sub-saharan Africa,,Southern Africa,Sub-Saharian African (except South Africa),Other Africa,E. Africa,,Sub-saharan Africa,,,Rest of the World_marker,Rest of the World_marker,Rest of the World_marker,,nan_marker,,,Sub-saharan Africa,E. Africa
CPV,Africa (excluding South Africa),Sub-saharan Africa,Sub-saharan Africa,,Western Africa,Sub-Saharian African (except South Africa),Other Africa,W. Africa,,Sub-saharan Africa,,,Rest of the World_marker,Rest of the World_marker,Rest of the World_marker,,nan_marker,,,Sub-saharan Africa,W. Africa
CRI,Central America,Latin America and the Caribbean,Latin America and the Caribbean,,Other Latin America,Latin america and Caraibes (except Brasil and Mexico),Other Latin America,Rest C. America,,Latin America and the Caribbean,,,Rest of the World_marker,Rest of the World_marker,Rest of the World_marker,,nan_marker,,,Latin America and the Caribbean,Rest C. America
CUB,Central America,Latin America and the Caribbean,Latin America and the Caribbean,,Other Latin America,Latin america and Caraibes (except Brasil and Mexico),Other Latin America,Rest C. America,,Latin America and the Caribbean,,,Rest of the World_marker,Rest of the World_marker,Rest of the World_marker,,nan_marker,,,Latin America and the Caribbean,Rest C. America
CXR,Rest of Asia and Oceania,,,,Other Developing Asia,Oceania,Other Asia,,,,,,Rest of the World_marker,Rest of the World_marker,Rest of the World_marker,,nan_marker,,,,
CYM,Central America,,,,Other Latin America,Latin america and Caraibes (except Brasil and Mexico),Other Latin America,Rest C. America,,,,,Rest of the World_marker,Rest of the World_marker,Rest of the World_marker,,nan_marker,,,,Rest C. America
CYP,European Union_marker,Western Europe_marker,Western Europe_marker,,Eastern Europe_marker,Europe_marker,Eastern Europe (Other EU-28)_marker,C. Europe_marker,,Western Europe_marker,,,EU28_marker,EU28_marker,EU28_marker,,EU27_marker,,,Western Europe_marker,C. Europe_marker
CZE,European Union_marker,Eastern Europe_marker,Eastern Europe_marker,,Eastern Europe_marker,Europe_marker,Eastern Europe (Other EU-28)_marker,C. Europe_marker,,Eastern Europe_marker,,,EU28_marker,EU28_marker,EU28_marker,,EU27_marker,,,Eastern Europe_marker,C. Europe_marker
DEU,European Union_marker,Western Europe_marker,Western Europe_marker,,Western Europe_marker,Europe_marker,EU-15_marker,W. Europe_marker,,Western Europe_marker,,,EU28_marker,EU28_marker,EU28_marker,,EU27_marker,,,Western Europe_marker,W. Europe_marker
DJI,Africa (excluding South Africa),Sub-saharan Africa,Sub-saharan Africa,,Eastern Africa,Sub-Saharian African (except South Africa),Other Africa,E. Africa,,Sub-saharan Africa,,,Rest of the World_marker,Rest of the World_marker,Rest of the World_marker,,nan_marker,,,Sub-saharan Africa,E. Africa
DMA,Central America,,,,Other Latin America,Latin america and Caraibes (except Brasil and Mexico),Other Latin America,Rest C. America,,,,,Rest of the World_marker,Rest of the World_marker,Rest of the World_marker,,nan_marker,,,,Rest C. America
DNK,European Union_marker,Western Europe_marker,Western Europe_marker,,Western Europe_marker,Europe_marker,EU-15_marker,W. Europe_marker,,Western Europe_marker,,,EU28_marker,EU28_marker,EU28_marker,,EU27_marker,,,Western Europe_marker,W. Europe_marker
DOM,Central America,Latin America and the Caribbean,Latin America and the Caribbean,,Other Latin America,Latin america and Caraibes (except Brasil and Mexico),Other Latin America,Rest C. America,,Latin America and the Caribbean,,,Rest of the World_marker,Rest of the World_marker,Rest of the World_marker,,nan_marker,,,Latin America and the Caribbean,Rest C. America
DZA,Africa (excluding South Africa),Middle East and North Africa,Middle East and North Africa,,Algeria,Moyen-Orient and North Africa,Middle East & North Africa,N. Africa,,Middle East and North Africa,,,Rest of energy producing countries,Rest of energy producing countries,Rest of energy producing countries,,nan_marker,,,Middle East and North Africa,N. Africa
ECU,South America,Latin America and the Caribbean,Latin America and the Caribbean,,Other Latin America,Latin america and Caraibes (except Brasil and Mexico),Other Latin America,Rest S. America,,Latin America and the Caribbean,,,Rest of the World_marker,Rest of the World_marker,Rest of the World_marker,,nan_marker,,,Latin America and the Caribbean,Rest S. America
EGY,Africa (excluding South Africa),Middle East and North Africa,Middle East and North Africa,,Egypt,Moyen-Orient and North Africa,Middle East & North Africa,N. Africa,,Middle East and North Africa,,,Rest of the World_marker,Rest of the World_marker,Rest of the World_marker,,nan_marker,,,Middle East and North Africa,N. Africa
ERI,Africa (excluding South Africa),Sub-saharan Africa,Sub-saharan Africa,,Eastern Africa,Sub-Saharian African (except South Africa),Other Africa,E. Africa,,Sub-saharan Africa,,,Rest of the World_marker,Rest of the World_marker,Rest of the World_marker,,nan_marker,,,Sub-saharan Africa,E. Africa
ESH,Africa (excluding South Africa),Middle East and North Africa,Middle East and North Africa,,Western Africa,Moyen-Orient and North Africa,Other Africa,N. Africa,,Middle East and North Africa,,,Rest of energy producing countries,Rest of energy producing countries,Rest of energy producing countries,,nan_marker,,,Middle East and North Africa,N. Africa
ESP,European Union_marker,Western Europe_marker,Western Europe_marker,,Western Europe_marker,Europe_marker,EU-15_marker,W. Europe_marker,,Western Europe_marker,,,EU28_marker,EU28_marker,EU28_marker,,EU27_marker,,,Western Europe_marker,W. Europe_marker
EST,European Union_marker,Eastern Europe_marker,Eastern Europe_marker,,Former Soviet Union_marker,Europe_marker,Eastern Europe (Other EU-28)_marker,C. Europe_marker,,Eastern Europe_marker,,,EU28_marker,EU28_marker,EU28_marker,,EU27_marker,,,Eastern Europe_marker,C. Europe_marker
ETH,Africa (excluding South Africa),Sub-saharan Africa,Sub-saharan Africa,,Ethiopia,Sub-Saharian African (except South Africa),Other Africa,E. Africa,,Sub-saharan Africa,,,Rest of the World_marker,Rest of the World_marker,Rest of the World_marker,,nan_marker,,,Sub-saharan Africa,E. Africa
FIN,European Union_marker,Western Europe_marker,Western Europe_marker,,Western Europe_marker,Europe_marker,EU-15_marker,W. Europe_marker,,Western Europe_marker,,,EU28_marker,EU28_marker,EU28_marker,,EU27_marker,,,Western Europe_marker,W. Europe_marker
FJI,Rest of Asia and Oceania,Other Pacific Asia,Other Pacific Asia,,Other Developing Asia,Oceania,Other Asia,Oceania,,Other Pacific Asia,,,Rest of the World_marker,Rest of the World_marker,Rest of the World_marker,,nan_marker,,,Other Pacific Asia,Oceania
FLK,South America,Latin America and the Caribbean,Latin America and the Caribbean,,Argentina,Latin america and Caraibes (except Brasil and Mexico),Other Latin America,Rest S. America,,Latin America and the Caribbean,,,Rest of the World_marker,Rest of the World_marker,Rest of the World_marker,,nan_marker,,,Latin America and the Caribbean,Rest S. America
FRA,European Union_marker,Western Europe_marker,Western Europe_marker,,Western Europe_marker,Europe_marker,EU-15_marker,W. Europe_marker,,Western Europe_marker,,,EU28_marker,EU28_marker,EU28_marker,,EU27_marker,,,Western Europe_marker,W. Europe_marker
FRO,European Union_marker,Western Europe_marker,Western Europe_marker,,Western Europe_marker,Europe_marker,Other Western Europe,W. Europe_marker,,Western Europe_marker,,,Rest of the World_marker,Rest of the World_marker,Rest of the World_marker,,nan_marker,,,Western Europe_marker,W. Europe_marker
FSM,Rest of Asia and Oceania,,,,Other Developing Asia,Oceania,Other Asia,Oceania,,,,,Rest of the World_marker,Rest of the World_marker,Rest of the World_marker,,nan_marker,,,,Oceania
GAB,Africa (excluding South Africa),Sub-saharan Africa,Sub-saharan Africa,,Central Africa,Sub-Saharian African (except South Africa),Other Africa,W. Africa,,Sub-saharan Africa,,,Rest of the World_marker,Rest of the World_marker,Rest of the World_marker,,nan_marker,,,Sub-saharan Africa,W. Africa
GBR,European Union_marker,Western Europe_marker,Western Europe_marker,,Western Europe_marker,Europe_marker,EU-15_marker,W. Europe_marker,,Western Europe_marker,,,EU28_marker,EU28_marker,EU28_marker,,nan_marker,,,Western Europe_marker,W. Europe_marker
GEO,Caspian Sea,Former Soviet Union,Former Soviet Union,,Former Soviet Union_marker,Transition Economies (including Russia),Other FUSSR (Asia),Russia,,Former Soviet Union,,,Rest of the World_marker,Rest of the World_marker,Rest of the World_marker,,nan_marker,,,Former Soviet Union,Russia
GGY,European Union_marker,,,,,Europe_marker,,,,,,,,,,,nan_marker,,,,
GHA,Africa (excluding South Africa),Sub-saharan Africa,Sub-saharan Africa,,Western Africa,Sub-Saharian African (except South Africa),Other Africa,W. Africa,,Sub-saharan Africa,,,Rest of the World_marker,Rest of the World_marker,Rest of the World_marker,,nan_marker,,,Sub-saharan Africa,W. Africa
GIB,European Union_marker,Western Europe_marker,Western Europe_marker,,Western Europe_marker,Europe_marker,Other Western Europe,W. Europe_marker,,Western Europe_marker,,,Rest of the World_marker,Rest of the World_marker,Rest of the World_marker,,nan_marker,,,Western Europe_marker,W. Europe_marker
GIN,Africa (excluding South Africa),Sub-saharan Africa,Sub-saharan Africa,,Western Africa,Sub-Saharian African (except South Africa),Other Africa,W. Africa,,Sub-saharan Africa,,,Rest of the World_marker,Rest of the World_marker,Rest of the World_marker,,nan_marker,,,Sub-saharan Africa,W. Africa
GLP,Central America,Latin America and the Caribbean,Latin America and the Caribbean,,Other Latin America,Latin america and Caraibes (except Brasil and Mexico),Other Latin America,Rest C. America,,Latin America and the Caribbean,,,Rest of the World_marker,Rest of the World_marker,Rest of the World_marker,,nan_marker,,,Latin America and the Caribbean,Rest C. America
GMB,Africa (excluding South Africa),Sub-saharan Africa,Sub-saharan Africa,,Western Africa,Sub-Saharian African (except South Africa),Other Africa,W. Africa,,Sub-saharan Africa,,,Rest of the World_marker,Rest of the World_marker,Rest of the World_marker,,nan_marker,,,Sub-saharan Africa,W. Africa
GNB,Africa (excluding South Africa),Sub-saharan Africa,Sub-saharan Africa,,Western Africa,Sub-Saharian African (except South Africa),Other Africa,W. Africa,,Sub-saharan Africa,,,Rest of the World_marker,Rest of the World_marker,Rest of the World_marker,,nan_marker,,,Sub-saharan Africa,W. Africa
GNQ,Africa (excluding South Africa),Latin America and the Caribbean,Latin America and the Caribbean,,Central Africa,Sub-Saharian African (except South Africa),Other Africa,W. Africa,,Latin America and the Caribbean,,,Rest of the World_marker,Rest of the World_marker,Rest of the World_marker,,nan_marker,,,Latin America and the Caribbean,W. Africa
GRC,European Union_marker,Western Europe_marker,Western Europe_marker,,Western Europe_marker,Europe_marker,EU-15_marker,W. Europe_marker,,Western Europe_marker,,,EU28_marker,EU28_marker,EU28_marker,,EU27_marker,,,Western Europe_marker,W. Europe_marker
GRD,Central America,,,,Other Latin America,Latin america and Caraibes (except Brasil and Mexico),Other Latin America,Rest C. America,,,,,Rest of the World_marker,Rest of the World_marker,Rest of the World_marker,,nan_marker,,,,Rest C. America
GRL,European Union_marker,Western Europe_marker,Western Europe_marker,,Western Europe_marker,Europe_marker,EU-15_marker,Rest S. Africa,,Western Europe_marker,,,Rest of the World_marker,Rest of the World_marker,Rest of the World_marker,,nan_marker,,,Western Europe_marker,Rest S. Africa
GTM,Central America,Latin America and the Caribbean,Latin America and the Caribbean,,Other Latin America,Latin america and Caraibes (except Brasil and Mexico),Other Latin America,Rest C. America,,Latin America and the Caribbean,,,Rest of the World_marker,Rest of the World_marker,Rest of the World_marker,,nan_marker,,,Latin America and the Caribbean,Rest C. America
GUF,Central America,,,,Other Latin America,Latin america and Caraibes (except Brasil and Mexico),Other Latin America,Rest S. America,,,,,Rest of the World_marker,Rest of the World_marker,Rest of the World_marker,,nan_marker,,,,Rest S. America
GUM,Rest of Asia and Oceania,North America,North America,,Other Developing Asia,Oceania,United States of America,,,North America,,,Rest of the World_marker,Rest of the World_marker,Rest of the World_marker,,nan_marker,,,North America,
GUY,Central America,Latin America and the Caribbean,Latin America and the Caribbean,,Other Latin America,Latin america and Caraibes (except Brasil and Mexico),Other Latin America,Rest S. America,,Latin America and the Caribbean,,,Rest of the World_marker,Rest of the World_marker,Rest of the World_marker,,nan_marker,,,Latin America and the Caribbean,Rest S. America
HKG,China,Centrally Planned Asia and China,Centrally Planned Asia and China,,China,China,China,China,,Centrally Planned Asia and China,,,Rest of the World_marker,Rest of the World_marker,Rest of the World_marker,,nan_marker,,,Centrally Planned Asia and China,China
HMD,Rest of Asia and Oceania,,,,Other Developing Asia,Oceania,,,,,,,Rest of the World_marker,Rest of the World_marker,Rest of the World_marker,,nan_marker,,,,
HND,Central America,Latin America and the Caribbean,Latin America and the Caribbean,,Other Latin America,Latin america and Caraibes (except Brasil and Mexico),Other Latin America,Rest C. America,,Latin America and the Caribbean,,,Rest of the World_marker,Rest of the World_marker,Rest of the World_marker,,nan_marker,,,Latin America and the Caribbean,Rest C. America
HRV,Rest of Europe_marker,Eastern Europe_marker,Eastern Europe_marker,,Eastern Europe_marker,Europe_marker,Eastern Europe (Other EU-28)_marker,C. Europe_marker,,Eastern Europe_marker,,,Rest of the World_marker,Rest of the World_marker,Rest of the World_marker,,EU27_marker,,,Eastern Europe_marker,C. Europe_marker
HTI,Central America,Latin America and the Caribbean,Latin America and the Caribbean,,Other Latin America,Latin america and Caraibes (except Brasil and Mexico),Other Latin America,Rest C. America,,Latin America and the Caribbean,,,Rest of the World_marker,Rest of the World_marker,Rest of the World_marker,,nan_marker,,,Latin America and the Caribbean,Rest C. America
HUN,European Union_marker,Eastern Europe_marker,Eastern Europe_marker,,Eastern Europe_marker,Europe_marker,Eastern Europe (Other EU-28)_marker,C. Europe_marker,,Eastern Europe_marker,,,Rest of the World_marker,Rest of the World_marker,Rest of the World_marker,,EU27_marker,,,Eastern Europe_marker,C. Europe_marker
IDN,Rest of Asia and Oceania,Other Pacific Asia,Other Pacific Asia,,Other Developing Asia,Indonesia,Indonesia,Indonesia,,Other Pacific Asia,,,Indonesia,Indonesia,Indonesia,,nan_marker,,,Other Pacific Asia,Indonesia
IMN,European Union_marker,,,,,Europe_marker,,,,,,,,,,,nan_marker,,,,
IND,India,South Asia,South Asia,,India,India,India,India,,South Asia,,,India,India,India,,nan_marker,,,South Asia,India
IOT,Rest of Asia and Oceania,,,,Other Developing Asia,Sub-Saharian African (except South Africa),,,,,,,Rest of the World_marker,Rest of the World_marker,Rest of the World_marker,,nan_marker,,,,
IRL,European Union_marker,Western Europe_marker,Western Europe_marker,,Western Europe_marker,Europe_marker,EU-15_marker,W. Europe_marker,,Western Europe_marker,,,EU28_marker,EU28_marker,EU28_marker,,EU27_marker,,,Western Europe_marker,W. Europe_marker
IRN,Middle East,Middle East and North Africa,Middle East and North Africa,,Middle East,Moyen-Orient and North Africa,Middle East & North Africa,Middle East,,Middle East and North Africa,,,Rest of energy producing countries,Rest of energy producing countries,Rest of energy producing countries,,nan_marker,,,Middle East and North Africa,Middle East
IRQ,Middle East,Middle East and North Africa,Middle East and North Africa,,Middle East,Moyen-Orient and North Africa,Middle East & North Africa,Middle East,,Middle East and North Africa,,,Rest of energy producing countries,Rest of energy producing countries,Rest of energy producing countries,,nan_marker,,,Middle East and North Africa,Middle East
ISL,European Union_marker,Western Europe_marker,Western Europe_marker,,Western Europe_marker,Europe_marker,Other Western Europe,W. Europe_marker,,Western Europe_marker,,,Rest of Annex I,Rest of Europe,Rest of Europe,,nan_marker,,,Western Europe_marker,W. Europe_marker
ISR,Middle East,Middle East and North Africa,Middle East and North Africa,,Middle East,Moyen-Orient and North Africa,Middle East & North Africa,Middle East,,Middle East and North Africa,,,Rest of the World_marker,Rest of the World_marker,Rest of the World_marker,,nan_marker,,,Middle East and North Africa,Middle East
ITA,European Union_marker,Western Europe_marker,Western Europe_marker,,Western Europe_marker,Europe_marker,EU-15_marker,W. Europe_marker,,Western Europe_marker,,,EU28_marker,EU28_marker,EU28_marker,,EU27_marker,,,Western Europe_marker,W. Europe_marker
JAM,Central America,Latin America and the Caribbean,Latin America and the Caribbean,,Other Latin America,Latin america and Caraibes (except Brasil and Mexico),Other Latin America,Rest C. America,,Latin America and the Caribbean,,,Rest of the World_marker,Rest of the World_marker,Rest of the World_marker,,nan_marker,,,Latin America and the Caribbean,Rest C. America
JEY,European Union_marker,,,,,Europe_marker,,,,,,,,,,,nan_marker,,,,
JOR,Middle East,Middle East and North Africa,Middle East and North Africa,,Middle East,Moyen-Orient and North Africa,Middle East & North Africa,Middle East,,Middle East and North Africa,,,Rest of energy producing countries,Rest of energy producing countries,Rest of energy producing countries,,nan_marker,,,Middle East and North Africa,Middle East
JPN,Japan,Pacific OECD,Pacific OECD,,Japan,Japan and South Korea,Japan,Japan,,Pacific OECD,,,Japan,Japan,Japan,,nan_marker,,,Pacific OECD,Japan
KAZ,Caspian Sea,Former Soviet Union,Former Soviet Union,,Former Soviet Union_marker,Transition Economies (including Russia),Other FUSSR (Asia),Kazakhstan region,,Former Soviet Union,,,Rest of the World_marker,Rest of the World_marker,Rest of the World_marker,,nan_marker,,,Former Soviet Union,Kazakhstan region
KEN,Africa (excluding South Africa),Sub-saharan Africa,Sub-saharan Africa,,Kenya,Sub-Saharian African (except South Africa),Other Africa,E. Africa,,Sub-saharan Africa,,,Rest of the World_marker,Rest of the World_marker,Rest of the World_marker,,nan_marker,,,Sub-saharan Africa,E. Africa
KGZ,Caspian Sea,Former Soviet Union,Former Soviet Union,,Former Soviet Union_marker,Transition Economies (including Russia),Other FUSSR (Asia),Kazakhstan region,,Former Soviet Union,,,Rest of the World_marker,Rest of the World_marker,Rest of the World_marker,,nan_marker,,,Former Soviet Union,Kazakhstan region
KHM,Rest of Asia and Oceania,Centrally Planned Asia and China,Centrally Planned Asia and China,,Other Developing Asia,South-East Asia,"Viet Nam, Cambodia, Laos",SE. Asia,,Centrally Planned Asia and China,,,Rest of the World_marker,Rest of the World_marker,Rest of the World_marker,,nan_marker,,,Centrally Planned Asia and China,SE. Asia
KIR,Rest of Asia and Oceania,,,,Other Developing Asia,Oceania,Other Asia,Oceania,,,,,Rest of the World_marker,Rest of the World_marker,Rest of the World_marker,,nan_marker,,,,Oceania
KNA,Central America,,,,Other Latin America,Latin america and Caraibes (except Brasil and Mexico),Other Latin America,Rest C. America,,,,,Rest of the World_marker,Rest of the World_marker,Rest of the World_marker,,nan_marker,,,,Rest C. America
KOR,South Korea,Other Pacific Asia,Other Pacific Asia,,South Korea,Japan and South Korea,South Korea,Korea,,Other Pacific Asia,,,South Korea,South Korea,South Korea,,nan_marker,,,Other Pacific Asia,Korea
KWT,Middle East,Middle East and North Africa,Middle East and North Africa,,Middle East,Moyen-Orient and North Africa,Middle East & North Africa,Middle East,,Middle East and North Africa,,,Rest of energy producing countries,Rest of energy producing countries,Rest of energy producing countries,,nan_marker,,,Middle East and North Africa,Middle East
LAO,Rest of Asia and Oceania,Centrally Planned Asia and China,Centrally Planned Asia and China,,Other Developing Asia,South-East Asia,"Viet Nam, Cambodia, Laos",SE. Asia,,Centrally Planned Asia and China,,,Rest of the World_marker,Rest of the World_marker,Rest of the World_marker,,nan_marker,,,Centrally Planned Asia and China,SE. Asia
LBN,Middle East,Middle East and North Africa,Middle East and North Africa,,Middle East,Moyen-Orient and North Africa,Middle East & North Africa,Middle East,,Middle East and North Africa,,,Rest of energy producing countries,Rest of energy producing countries,Rest of energy producing countries,,nan_marker,,,Middle East and North Africa,Middle East
LBR,Africa (excluding South Africa),Sub-saharan Africa,Sub-saharan Africa,,Western Africa,Sub-Saharian African (except South Africa),Other Africa,W. Africa,,Sub-saharan Africa,,,Rest of the World_marker,Rest of the World_marker,Rest of the World_marker,,nan_marker,,,Sub-saharan Africa,W. Africa
LBY,Africa (excluding South Africa),Middle East and North Africa,Middle East and North Africa,,Libya,Moyen-Orient and North Africa,Middle East & North Africa,N. Africa,,Middle East and North Africa,,,Rest of energy producing countries,Rest of energy producing countries,Rest of energy producing countries,,nan_marker,,,Middle East and North Africa,N. Africa
LCA,Central America,,,,Other Latin America,Latin america and Caraibes (except Brasil and Mexico),Other Latin America,Rest C. America,,,,,Rest of the World_marker,Rest of the World_marker,Rest of the World_marker,,nan_marker,,,,Rest C. America
LIE,European Union_marker,Western Europe_marker,Western Europe_marker,,Western Europe_marker,Europe_marker,Other Western Europe,W. Europe_marker,,Western Europe_marker,,,Rest of Annex I,Rest of Europe,Rest of Europe,,nan_marker,,,Western Europe_marker,W. Europe_marker
LKA,Rest of Asia and Oceania,South Asia,South Asia,,Other Developing Asia,South Asia,Other Asia,Rest S. Asia,,South Asia,,,Rest of the World_marker,Rest of the World_marker,Rest of the World_marker,,nan_marker,,,South Asia,Rest S. Asia
LSO,Africa (excluding South Africa),Sub-saharan Africa,Sub-saharan Africa,,Southern Africa,Sub-Saharian African (except South Africa),Other Africa,Rest S. Africa,,Sub-saharan Africa,,,Rest of the World_marker,Rest of the World_marker,Rest of the World_marker,,nan_marker,,,Sub-saharan Africa,Rest S. Africa
LTU,European Union_marker,Eastern Europe_marker,Eastern Europe_marker,,Former Soviet Union_marker,Europe_marker,Eastern Europe (Other EU-28)_marker,C. Europe_marker,,Eastern Europe_marker,,,EU28_marker,EU28_marker,EU28_marker,,EU27_marker,,,Eastern Europe_marker,C. Europe_marker
LUX,European Union_marker,Western Europe_marker,Western Europe_marker,,Western Europe_marker,Europe_marker,EU-15_marker,W. Europe_marker,,Western Europe_marker,,,EU28_marker,EU28_marker,EU28_marker,,EU27_marker,,,Western Europe_marker,W. Europe_marker
LVA,European Union_marker,Eastern Europe_marker,Eastern Europe_marker,,Former Soviet Union_marker,Europe_marker,Eastern Europe (Other EU-28)_marker,C. Europe_marker,,Eastern Europe_marker,,,EU28_marker,EU28_marker,EU28_marker,,EU27_marker,,,Eastern Europe_marker,C. Europe_marker
MAC,China,Centrally Planned Asia and China,Centrally Planned Asia and China,,Other Developing Asia,China,Other Asia,China,,Centrally Planned Asia and China,,,Rest of the World_marker,Rest of the World_marker,Rest of the World_marker,,nan_marker,,,Centrally Planned Asia and China,China
MAF,Central America,,,,Other Latin America,Latin america and Caraibes (except Brasil and Mexico),,,,,,,,,,,nan_marker,,,,
MAR,Africa (excluding South Africa),Middle East and North Africa,Middle East and North Africa,,Morocco,Moyen-Orient and North Africa,Middle East & North Africa,N. Africa,,Middle East and North Africa,,,Rest of the World_marker,Rest of the World_marker,Rest of the World_marker,,nan_marker,,,Middle East and North Africa,N. Africa
MCO,European Union_marker,Western Europe_marker,Western Europe_marker,,Western Europe_marker,Europe_marker,EU-15_marker,W. Europe_marker,,Western Europe_marker,,,Rest of Annex I,Rest of Europe,Rest of Europe,,nan_marker,,,Western Europe_marker,W. Europe_marker
MDA,Rest of Europe_marker,Former Soviet Union,Former Soviet Union,,Former Soviet Union_marker,Transition Economies (including Russia),Other FUSSR (Eastern Europe),Ukraine region,,Former Soviet Union,,,Rest of Annex I,Rest of Europe,Rest of Europe,,nan_marker,,,Former Soviet Union,Ukraine region
MDG,Africa (excluding South Africa),Sub-saharan Africa,Sub-saharan Africa,,Madagascar,Sub-Saharian African (except South Africa),Other Africa,E. Africa,,Sub-saharan Africa,,,Rest of the World_marker,Rest of the World_marker,Rest of the World_marker,,nan_marker,,,Sub-saharan Africa,E. Africa
MDV,Rest of Asia and Oceania,South Asia,South Asia,,Other Developing Asia,South Asia,Other Asia,Rest S. Asia,,South Asia,,,Rest of the World_marker,Rest of the World_marker,Rest of the World_marker,,nan_marker,,,South Asia,Rest S. Asia
MEX,Central America,Latin America and the Caribbean,Latin America and the Caribbean,,Mexico,Mexico,Mexico,Mexico,,Latin America and the Caribbean,,,Mexico,Mexico,Mexico,,nan_marker,,,Latin America and the Caribbean,Mexico
MHL,Rest of Asia and Oceania,,,,Other Developing Asia,Oceania,Other Asia,Oceania,,,,,Rest of the World_marker,Rest of the World_marker,Rest of the World_marker,,nan_marker,,,,Oceania
MKD,Rest of Europe_marker,Eastern Europe_marker,Eastern Europe_marker,,Eastern Europe_marker,Europe_marker,Other FUSSR (Eastern Europe),C. Europe_marker,,Eastern Europe_marker,,,Rest of Annex I,Rest of Europe,Rest of Europe,,nan_marker,,,Eastern Europe_marker,C. Europe_marker
MLI,Africa (excluding South Africa),Sub-saharan Africa,Sub-saharan Africa,,Western Africa,Sub-Saharian African (except South Africa),Other Africa,W. Africa,,Sub-saharan Africa,,,Rest of the World_marker,Rest of the World_marker,Rest of the World_marker,,nan_marker,,,Sub-saharan Africa,W. Africa
MLT,European Union_marker,Western Europe_marker,Western Europe_marker,,Western Europe_marker,Europe_marker,Eastern Europe (Other EU-28)_marker,W. Europe_marker,,Western Europe_marker,,,EU28_marker,EU28_marker,EU28_marker,,EU27_marker,,,Western Europe_marker,W. Europe_marker
MMR,Rest of Asia and Oceania,Other Pacific Asia,Other Pacific Asia,,Other Developing Asia,South-East Asia,Other Asia,SE. Asia,,Other Pacific Asia,,,Rest of the World_marker,Rest of the World_marker,Rest of the World_marker,,nan_marker,,,Other Pacific Asia,SE. Asia
MNE,Rest of Europe_marker,Eastern Europe_marker,Eastern Europe_marker,,Eastern Europe_marker,Europe_marker,Other FUSSR (Eastern Europe),,,Eastern Europe_marker,,,Rest of Annex I,Rest of Europe,Rest of Europe,,nan_marker,,,Eastern Europe_marker,
MNG,Rest of Asia and Oceania,Centrally Planned Asia and China,Centrally Planned Asia and China,,Other Developing Asia,Transition Economies (including Russia),Other Asia,China,,Centrally Planned Asia and China,,,Rest of the World_marker,Rest of the World_marker,Rest of the World_marker,,nan_marker,,,Centrally Planned Asia and China,China
MNP,Rest of Asia and Oceania,,,,Other Developing Asia,Oceania,Other Asia,,,,,,Rest of the World_marker,Rest of the World_marker,Rest of the World_marker,,nan_marker,,,,
MOZ,Africa (excluding South Africa),Sub-saharan Africa,Sub-saharan Africa,,Southeast Africa,Sub-Saharian African (except South Africa),Other Africa,Rest S. Africa,,Sub-saharan Africa,,,Rest of the World_marker,Rest of the World_marker,Rest of the World_marker,,nan_marker,,,Sub-saharan Africa,Rest S. Africa
MRT,Africa (excluding South Africa),Sub-saharan Africa,Sub-saharan Africa,,Western Africa,Sub-Saharian African (except South Africa),Other Africa,W. Africa,,Sub-saharan Africa,,,Rest of the World_marker,Rest of the World_marker,Rest of the World_marker,,nan_marker,,,Sub-saharan Africa,W. Africa
MSR,Central America,,,,Other Latin America,Latin america and Caraibes (except Brasil and Mexico),Other Latin America,Rest C. America,,,,,Rest of the World_marker,Rest of the World_marker,Rest of the World_marker,,nan_marker,,,,Rest C. America
MTQ,Central America,Latin America and the Caribbean,Latin America and the Caribbean,,Other Latin America,Latin america and Caraibes (except Brasil and Mexico),Other Latin America,Rest C. America,,Latin America and the Caribbean,,,Rest of the World_marker,Rest of the World_marker,Rest of the World_marker,,nan_marker,,,Latin America and the Caribbean,Rest C. America
MUS,Africa (excluding South Africa),Sub-saharan Africa,Sub-saharan Africa,,Southern Africa,Sub-Saharian African (except South Africa),Other Africa,E. Africa,,Sub-saharan Africa,,,Rest of the World_marker,Rest of the World_marker,Rest of the World_marker,,nan_marker,,,Sub-saharan Africa,E. Africa
MWI,Africa (excluding South Africa),Sub-saharan Africa,Sub-saharan Africa,,Southern Africa,Sub-Saharian African (except South Africa),Other Africa,Rest S. Africa,,Sub-saharan Africa,,,Rest of the World_marker,Rest of the World_marker,Rest of the World_marker,,nan_marker,,,Sub-saharan Africa,Rest S. Africa
MYS,Rest of Asia and Oceania,Other Pacific Asia,Other Pacific Asia,,Other Developing Asia,South-East Asia,Other Asia,SE. Asia,,Other Pacific Asia,,,Rest of the World_marker,Rest of the World_marker,Rest of the World_marker,,nan_marker,,,Other Pacific Asia,SE. Asia
MYT,Africa (excluding South Africa),,,,Southern Africa,Sub-Saharian African (except South Africa),Other Africa,,,,,,Rest of the World_marker,Rest of the World_marker,Rest of the World_marker,,nan_marker,,,,
NAM,Africa (excluding South Africa),Sub-saharan Africa,Sub-saharan Africa,,Southern Africa,Sub-Saharian African (except South Africa),Other Africa,Rest S. Africa,,Sub-saharan Africa,,,Rest of the World_marker,Rest of the World_marker,Rest of the World_marker,,nan_marker,,,Sub-saharan Africa,Rest S. Africa
NCL,Rest of Asia and Oceania,Other Pacific Asia,Other Pacific Asia,,Other Developing Asia,Oceania,Other Asia,Oceania,,Other Pacific Asia,,,Rest of the World_marker,Rest of the World_marker,Rest of the World_marker,,nan_marker,,,Other Pacific Asia,Oceania
NER,Africa (excluding South Africa),Sub-saharan Africa,Sub-saharan Africa,,Western Africa,Sub-Saharian African (except South Africa),Other Africa,W. Africa,,Sub-saharan Africa,,,Rest of the World_marker,Rest of the World_marker,Rest of the World_marker,,nan_marker,,,Sub-saharan Africa,W. Africa
NFK,Rest of Asia and Oceania,,,,Other Developing Asia,Oceania,Other Asia,Oceania,,,,,Rest of the World_marker,Rest of the World_marker,Rest of the World_marker,,nan_marker,,,,Oceania
NGA,Africa (excluding South Africa),Sub-saharan Africa,Sub-saharan Africa,,Nigeria,Sub-Saharian African (except South Africa),Other Africa,W. Africa,,Sub-saharan Africa,,,Rest of energy producing countries,Rest of energy producing countries,Rest of energy producing countries,,nan_marker,,,Sub-saharan Africa,W. Africa
NIC,Central America,Latin America and the Caribbean,Latin America and the Caribbean,,Other Latin America,Latin america and Caraibes (except Brasil and Mexico),Other Latin America,Rest C. America,,Latin America and the Caribbean,,,Rest of the World_marker,Rest of the World_marker,Rest of the World_marker,,nan_marker,,,Latin America and the Caribbean,Rest C. America
NIU,Rest of Asia and Oceania,,,,Other Developing Asia,Oceania,Other Africa,Oceania,,,,,Rest of the World_marker,Rest of the World_marker,Rest of the World_marker,,nan_marker,,,,Oceania
NLD,European Union_marker,Western Europe_marker,Western Europe_marker,,Western Europe_marker,Europe_marker,EU-15_marker,W. Europe_marker,,Western Europe_marker,,,EU28_marker,EU28_marker,EU28_marker,,EU27_marker,,,Western Europe_marker,W. Europe_marker
NOR,European Union_marker,Western Europe_marker,Western Europe_marker,,Western Europe_marker,Europe_marker,Other Western Europe,W. Europe_marker,,Western Europe_marker,,,Rest of Annex I,Rest of Europe,Rest of Europe,,nan_marker,,,Western Europe_marker,W. Europe_marker
NPL,Rest of Asia and Oceania,South Asia,South Asia,,Other Developing Asia,South Asia,Other Asia,Rest S. Asia,,South Asia,,,Rest of the World_marker,Rest of the World_marker,Rest of the World_marker,,nan_marker,,,South Asia,Rest S. Asia
NRU,Rest of Asia and Oceania,,,,Other Developing Asia,Oceania,Other Asia,Oceania,,,,,Rest of the World_marker,Rest of the World_marker,Rest of the World_marker,,nan_marker,,,,Oceania
NZL,Australia & New Zealand,Pacific OECD,Pacific OECD,,Australia & New Zealand,Oceania,New Zealand,Oceania,,Pacific OECD,,,Oceania,Oceania,Oceania,,nan_marker,,,Pacific OECD,Oceania
OMN,Middle East,Middle East and North Africa,Middle East and North Africa,,Middle East,Moyen-Orient and North Africa,Middle East & North Africa,Middle East,,Middle East and North Africa,,,Rest of the World_marker,Rest of the World_marker,Rest of the World_marker,,nan_marker,,,Middle East and North Africa,Middle East
PAK,Caspian Sea,South Asia,South Asia,,Other Developing Asia,South Asia,Other Asia,Rest S. Asia,,South Asia,,,Rest of the World_marker,Rest of the World_marker,Rest of the World_marker,,nan_marker,,,South Asia,Rest S. Asia
PAN,Central America,Latin America and the Caribbean,Latin America and the Caribbean,,Other Latin America,Latin america and Caraibes (except Brasil and Mexico),Other Latin America,Rest C. America,,Latin America and the Caribbean,,,Rest of the World_marker,Rest of the World_marker,Rest of the World_marker,,nan_marker,,,Latin America and the Caribbean,Rest C. America
PCN,Rest of Asia and Oceania,,,,Other Developing Asia,Oceania,Other Asia,Oceania,,,,,Rest of the World_marker,Rest of the World_marker,Rest of the World_marker,,nan_marker,,,,Oceania
PER,South America,Latin America and the Caribbean,Latin America and the Caribbean,,Other Latin America,Latin america and Caraibes (except Brasil and Mexico),Other Latin America,Rest S. America,,Latin America and the Caribbean,,,Rest of the World_marker,Rest of the World_marker,Rest of the World_marker,,nan_marker,,,Latin America and the Caribbean,Rest S. America
PHL,Rest of Asia and Oceania,Other Pacific Asia,Other Pacific Asia,,Other Developing Asia,South-East Asia,Other Asia,SE. Asia,,Other Pacific Asia,,,Rest of the World_marker,Rest of the World_marker,Rest of the World_marker,,nan_marker,,,Other Pacific Asia,SE. Asia
PLW,Rest of Asia and Oceania,,,,Other Developing Asia,Oceania,Other Asia,Oceania,,,,,Rest of the World_marker,Rest of the World_marker,Rest of the World_marker,,nan_marker,,,,Oceania
PNG,Rest of Asia and Oceania,Other Pacific Asia,Other Pacific Asia,,Other Developing Asia,Oceania,Other Asia,Indonesia,,Other Pacific Asia,,,Rest of the World_marker,Rest of the World_marker,Rest of the World_marker,,nan_marker,,,Other Pacific Asia,Indonesia
POL,European Union_marker,Eastern Europe_marker,Eastern Europe_marker,,Eastern Europe_marker,Europe_marker,Eastern Europe (Other EU-28)_marker,C. Europe_marker,,Eastern Europe_marker,,,EU28_marker,EU28_marker,EU28_marker,,EU27_marker,,,Eastern Europe_marker,C. Europe_marker
PRI,United States,North America,North America,,Other Latin America,Latin america and Caraibes (except Brasil and Mexico),United States of America,Rest C. America,,North America,,,Rest of the World_marker,Rest of the World_marker,Rest of the World_marker,,nan_marker,,,North America,Rest C. America
PRK,Rest of Asia and Oceania,Centrally Planned Asia and China,Centrally Planned Asia and China,,Other Developing Asia,Japan and South Korea,Other Asia,Korea,,Centrally Planned Asia and China,,,Rest of the World_marker,Rest of the World_marker,Rest of the World_marker,,nan_marker,,,Centrally Planned Asia and China,Korea
PRT,European Union_marker,Western Europe_marker,Western Europe_marker,,Western Europe_marker,Europe_marker,EU-15_marker,W. Europe_marker,,Western Europe_marker,,,EU28_marker,EU28_marker,EU28_marker,,EU27_marker,,,Western Europe_marker,W. Europe_marker
PRY,South America,Latin America and the Caribbean,Latin America and the Caribbean,,Other Latin America,Latin america and Caraibes (except Brasil and Mexico),"Argentina, Paraguay, Uruguay",Rest S. America,,Latin America and the Caribbean,,,Rest of the World_marker,Rest of the World_marker,Rest of the World_marker,,nan_marker,,,Latin America and the Caribbean,Rest S. America
PSE,Middle East,,,,Middle East,Moyen-Orient and North Africa,,,,,,,,,,,nan_marker,,,,
PYF,Rest of Asia and Oceania,Other Pacific Asia,Other Pacific Asia,,Other Developing Asia,Oceania,Other Asia,Oceania,,Other Pacific Asia,,,Rest of the World_marker,Rest of the World_marker,Rest of the World_marker,,nan_marker,,,Other Pacific Asia,Oceania
QAT,Middle East,Middle East and North Africa,Middle East and North Africa,,Middle East,Moyen-Orient and North Africa,Middle East & North Africa,Middle East,,Middle East and North Africa,,,Rest of energy producing countries,Rest of energy producing countries,Rest of energy producing countries,,nan_marker,,,Middle East and North Africa,Middle East
REU,Africa (excluding South Africa),Sub-saharan Africa,Sub-saharan Africa,,Southern Africa,Sub-Saharian African (except South Africa),Other Africa,E. Africa,,Sub-saharan Africa,,,Rest of the World_marker,Rest of the World_marker,Rest of the World_marker,,nan_marker,,,Sub-saharan Africa,E. Africa
ROU,European Union_marker,Eastern Europe_marker,Eastern Europe_marker,,Eastern Europe_marker,Europe_marker,Eastern Europe (Other EU-28)_marker,C. Europe_marker,,Eastern Europe_marker,,,EU28_marker,EU28_marker,EU28_marker,,EU27_marker,,,Eastern Europe_marker,C. Europe_marker
RUS,Russia,Former Soviet Union,Former Soviet Union,,Former Soviet Union_marker,Transition Economies (including Russia),Russia,Russia,,Former Soviet Union,,,Russian federation,Russian federation,Russian federation,,nan_marker,,,Former Soviet Union,Russia
RWA,Africa (excluding South Africa),Sub-saharan Africa,Sub-saharan Africa,,Eastern Africa,Sub-Saharian African (except South Africa),Other Africa,E. Africa,,Sub-saharan Africa,,,Rest of the World_marker,Rest of the World_marker,Rest of the World_marker,,nan_marker,,,Sub-saharan Africa,E. Africa
SAU,Middle East,Middle East and North Africa,Middle East and North Africa,,Middle East,Moyen-Orient and North Africa,Saudi Arabia,Middle East,,Middle East and North Africa,,,Saudi Arabia,Saudi Arabia,Saudi Arabia,,nan_marker,,,Middle East and North Africa,Middle East
SDN,Africa (excluding South Africa),Sub-saharan Africa,Sub-saharan Africa,,Eastern Africa,Sub-Saharian African (except South Africa),Other Africa,E. Africa,,Sub-saharan Africa,,,Rest of the World_marker,Rest of the World_marker,Rest of the World_marker,,nan_marker,,,Sub-saharan Africa,E. Africa
SEN,Africa (excluding South Africa),Sub-saharan Africa,Sub-saharan Africa,,Western Africa,Sub-Saharian African (except South Africa),Other Africa,W. Africa,,Sub-saharan Africa,,,Rest of the World_marker,Rest of the World_marker,Rest of the World_marker,,nan_marker,,,Sub-saharan Africa,W. Africa
SGP,Rest of Asia and Oceania,Other Pacific Asia,Other Pacific Asia,,Other Developing Asia,South-East Asia,Other Asia,SE. Asia,,Other Pacific Asia,,,Rest of the World_marker,Rest of the World_marker,Rest of the World_marker,,nan_marker,,,Other Pacific Asia,SE. Asia
SGS,South America,,,,Other Latin America,Latin america and Caraibes (except Brasil and Mexico),Other Latin America,,,,,,Rest of the World_marker,Rest of the World_marker,Rest of the World_marker,,nan_marker,,,,
SHN,Canada,,,,Western Africa,Sub-Saharian African (except South Africa),Other Africa,W. Africa,,,,,Rest of the World_marker,Rest of the World_marker,Rest of the World_marker,,nan_marker,,,,W. Africa
SJM,European Union_marker,,,,Western Europe_marker,Europe_marker,,,,,,,Rest of the World_marker,Rest of the World_marker,Rest of the World_marker,,nan_marker,,,,
SLB,Rest of Asia and Oceania,Other Pacific Asia,Other Pacific Asia,,Other Developing Asia,Oceania,Other Asia,Oceania,,Other Pacific Asia,,,Rest of the World_marker,Rest of the World_marker,Rest of the World_marker,,nan_marker,,,Other Pacific Asia,Oceania
SLE,Africa (excluding South Africa),Sub-saharan Africa,Sub-saharan Africa,,Western Africa,Sub-Saharian African (except South Africa),Other Africa,W. Africa,,Sub-saharan Africa,,,Rest of the World_marker,Rest of the World_marker,Rest of the World_marker,,nan_marker,,,Sub-saharan Africa,W. Africa
SLV,Central America,Latin America and the Caribbean,Latin America and the Caribbean,,Other Latin America,Latin america and Caraibes (except Brasil and Mexico),Other Latin America,Rest C. America,,Latin America and the Caribbean,,,Rest of the World_marker,Rest of the World_marker,Rest of the World_marker,,nan_marker,,,Latin America and the Caribbean,Rest C. America
SMR,European Union_marker,Western Europe_marker,Western Europe_marker,,Western Europe_marker,Europe_marker,EU-15_marker,W. Europe_marker,,Western Europe_marker,,,Rest of the World_marker,Rest of the World_marker,Rest of the World_marker,,nan_marker,,,Western Europe_marker,W. Europe_marker
SOM,Africa (excluding South Africa),Sub-saharan Africa,Sub-saharan Africa,,Eastern Africa,Sub-Saharian African (except South Africa),Other Africa,E. Africa,,Sub-saharan Africa,,,Rest of the World_marker,Rest of the World_marker,Rest of the World_marker,,nan_marker,,,Sub-saharan Africa,E. Africa
SPM,Canada,,,,United States of America,Canada,,USA,,,,,Rest of the World_marker,Rest of the World_marker,Rest of the World_marker,,nan_marker,,,,USA
SRB,Rest of Europe_marker,Eastern Europe_marker,Eastern Europe_marker,,Eastern Europe_marker,Europe_marker,Other FUSSR (Eastern Europe),C. Europe_marker,,Eastern Europe_marker,,,Rest of Annex I,Rest of Europe,Rest of Europe,,nan_marker,,,Eastern Europe_marker,C. Europe_marker
SSD,Africa (excluding South Africa),,,,Eastern Africa,Sub-Saharian African (except South Africa),,,,,,,,,,,nan_marker,,,,
STP,Africa (excluding South Africa),,,,Western Africa,Sub-Saharian African (except South Africa),Other Africa,W. Africa,,,,,Rest of the World_marker,Rest of the World_marker,Rest of the World_marker,,nan_marker,,,,W. Africa
SUR,Central America,Latin America and the Caribbean,Latin America and the Caribbean,,Other Latin America,Latin america and Caraibes (except Brasil and Mexico),Other Latin America,Rest S. America,,Latin America and the Caribbean,,,Rest of the World_marker,Rest of the World_marker,Rest of the World_marker,,nan_marker,,,Latin America and the Caribbean,Rest S. America
SVK,European Union_marker,Eastern Europe_marker,Eastern Europe_marker,,Eastern Europe_marker,Europe_marker,Eastern Europe (Other EU-28)_marker,C. Europe_marker,,Eastern Europe_marker,,,EU28_marker,EU28_marker,EU28_marker,,EU27_marker,,,Eastern Europe_marker,C. Europe_marker
SVN,European Union_marker,Eastern Europe_marker,Eastern Europe_marker,,Eastern Europe_marker,Europe_marker,Eastern Europe (Other EU-28)_marker,C. Europe_marker,,Eastern Europe_marker,,,EU28_marker,EU28_marker,EU28_marker,,EU27_marker,,,Eastern Europe_marker,C. Europe_marker
SWE,European Union_marker,Western Europe_marker,Western Europe_marker,,Western Europe_marker,Europe_marker,EU-15_marker,W. Europe_marker,,Western Europe_marker,,,EU28_marker,EU28_marker,EU28_marker,,EU27_marker,,,Western Europe_marker,W. Europe_marker
SWZ,Africa (excluding South Africa),Sub-saharan Africa,Sub-saharan Africa,,Southern Africa,Sub-Saharian African (except South Africa),Other Africa,Rest S. Africa,,Sub-saharan Africa,,,Rest of the World_marker,Rest of the World_marker,Rest of the World_marker,,nan_marker,,,Sub-saharan Africa,Rest S. Africa
SYC,Africa (excluding South Africa),,,,Eastern Africa,Sub-Saharian African (except South Africa),Other Africa,E. Africa,,,,,Rest of the World_marker,Rest of the World_marker,Rest of the World_marker,,nan_marker,,,,E. Africa
SYR,Middle East,Middle East and North Africa,Middle East and North Africa,,Middle East,Moyen-Orient and North Africa,Middle East & North Africa,Middle East,,Middle East and North Africa,,,Rest of energy producing countries,Rest of energy producing countries,Rest of energy producing countries,,nan_marker,,,Middle East and North Africa,Middle East
TCA,Central America,,,,Other Latin America,Latin america and Caraibes (except Brasil and Mexico),Other Asia,Rest C. America,,,,,Rest of the World_marker,Rest of the World_marker,Rest of the World_marker,,nan_marker,,,,Rest C. America
TCD,Africa (excluding South Africa),Sub-saharan Africa,Sub-saharan Africa,,Central Africa,Sub-Saharian African (except South Africa),Other Africa,W. Africa,,Sub-saharan Africa,,,Rest of the World_marker,Rest of the World_marker,Rest of the World_marker,,nan_marker,,,Sub-saharan Africa,W. Africa
TGO,Africa (excluding South Africa),Sub-saharan Africa,Sub-saharan Africa,,Western Africa,Sub-Saharian African (except South Africa),Other Africa,W. Africa,,Sub-saharan Africa,,,Rest of the World_marker,Rest of the World_marker,Rest of the World_marker,,nan_marker,,,Sub-saharan Africa,W. Africa
THA,Rest of Asia and Oceania,Other Pacific Asia,Other Pacific Asia,,Other Developing Asia,South-East Asia,Thailand,SE. Asia,,Other Pacific Asia,,,Rest of the World_marker,Rest of the World_marker,Rest of the World_marker,,nan_marker,,,Other Pacific Asia,SE. Asia
TJK,Caspian Sea,Former Soviet Union,Former Soviet Union,,Former Soviet Union_marker,Transition Economies (including Russia),Other FUSSR (Asia),Kazakhstan region,,Former Soviet Union,,,Rest of the World_marker,Rest of the World_marker,Rest of the World_marker,,nan_marker,,,Former Soviet Union,Kazakhstan region
TKL,Rest of Asia and Oceania,,,,Other Developing Asia,Oceania,Other Asia,Oceania,,,,,Rest of the World_marker,Rest of the World_marker,Rest of the World_marker,,nan_marker,,,,Oceania
TKM,Caspian Sea,Former Soviet Union,Former Soviet Union,,Former Soviet Union_marker,Transition Economies (including Russia),Other FUSSR (Asia),Kazakhstan region,,Former Soviet Union,,,Rest of the World_marker,Rest of the World_marker,Rest of the World_marker,,nan_marker,,,Former Soviet Union,Kazakhstan region
TLS,Rest of Asia and Oceania,Other Pacific Asia,Other Pacific Asia,,Other Developing Asia,Oceania,Indonesia,SE. Asia,,Other Pacific Asia,,,Rest of the World_marker,Rest of the World_marker,Rest of the World_marker,,nan_marker,,,Other Pacific Asia,SE. Asia
TON,Rest of Asia and Oceania,,,,Other Developing Asia,Oceania,Other Asia,Oceania,,,,,Rest of the World_marker,Rest of the World_marker,Rest of the World_marker,,nan_marker,,,,Oceania
TTO,Central America,Latin America and the Caribbean,Latin America and the Caribbean,,Other Latin America,Latin america and Caraibes (except Brasil and Mexico),Other Latin America,Rest C. America,,Latin America and the Caribbean,,,Rest of the World_marker,Rest of the World_marker,Rest of the World_marker,,nan_marker,,,Latin America and the Caribbean,Rest C. America
TUN,Africa (excluding South Africa),Middle East and North Africa,Middle East and North Africa,,Tunisia,Moyen-Orient and North Africa,Middle East & North Africa,N. Africa,,Middle East and North Africa,,,Rest of the World_marker,Rest of the World_marker,Rest of the World_marker,,nan_marker,,,Middle East and North Africa,N. Africa
TUR,European Union_marker,Western Europe_marker,Western Europe_marker,,Middle East,Transition Economies (including Russia),Turkey,Turkey,,Western Europe_marker,,,Turkey,Turkey,Turkey,,nan_marker,,,Western Europe_marker,Turkey
TUV,Rest of Asia and Oceania,,,,Other Developing Asia,Oceania,Other Asia,Oceania,,,,,Rest of the World_marker,Rest of the World_marker,Rest of the World_marker,,nan_marker,,,,Oceania
TWN,Rest of Asia and Oceania,Centrally Planned Asia and China,Centrally Planned Asia and China,,Other Developing Asia,China,Other Asia,China,,Centrally Planned Asia and China,,,Rest of the World_marker,Rest of the World_marker,Rest of the World_marker,,nan_marker,,,Centrally Planned Asia and China,China
TZA,Africa (excluding South Africa),Sub-saharan Africa,Sub-saharan Africa,,Southeast Africa,Sub-Saharian African (except South Africa),Other Africa,Rest S. Africa,,Sub-saharan Africa,,,Rest of the World_marker,Rest of the World_marker,Rest of the World_marker,,nan_marker,,,Sub-saharan Africa,Rest S. Africa
UGA,Africa (excluding South Africa),Sub-saharan Africa,Sub-saharan Africa,,Eastern Africa,Sub-Saharian African (except South Africa),Other Africa,E. Africa,,Sub-saharan Africa,,,Rest of the World_marker,Rest of the World_marker,Rest of the World_marker,,nan_marker,,,Sub-saharan Africa,E. Africa
UKR,Rest of Europe_marker,Former Soviet Union,Former Soviet Union,,Former Soviet Union_marker,Transition Economies (including Russia),Other FUSSR (Eastern Europe),Ukraine region,,Former Soviet Union,,,Rest of Annex I,Rest of Europe,Rest of Europe,,nan_marker,,,Former Soviet Union,Ukraine region
UMI,United States,,,,United States of America,Oceania,,,,,,,Rest of the World_marker,Rest of the World_marker,Rest of the World_marker,,nan_marker,,,,
URY,South America,Latin America and the Caribbean,Latin America and the Caribbean,,Other Latin America,Latin america and Caraibes (except Brasil and Mexico),"Argentina, Paraguay, Uruguay",Rest S. America,,Latin America and the Caribbean,,,Rest of the World_marker,Rest of the World_marker,Rest of the World_marker,,nan_marker,,,Latin America and the Caribbean,Rest S. America
USA,United States,North America,North America,,United States of America,United States of America,United States of America,USA,,North America,,,USA,USA,USA,,nan_marker,,,North America,USA
UZB,Caspian Sea,Former Soviet Union,Former Soviet Union,,Former Soviet Union_marker,Transition Economies (including Russia),Other FUSSR (Asia),Kazakhstan region,,Former Soviet Union,,,Rest of the World_marker,Rest of the World_marker,Rest of the World_marker,,nan_marker,,,Former Soviet Union,Kazakhstan region
VAT,European Union_marker,,,,Western Europe_marker,Europe_marker,EU-15_marker,,,,,,Rest of the World_marker,Rest of the World_marker,Rest of the World_marker,,nan_marker,,,,
VCT,Central America,,,,Other Latin America,Latin america and Caraibes (except Brasil and Mexico),Other Latin America,Rest C. America,,,,,Rest of the World_marker,Rest of the World_marker,Rest of the World_marker,,nan_marker,,,,Rest C. America
VEN,South America,Latin America and the Caribbean,Latin America and the Caribbean,,Venezuela,Latin america and Caraibes (except Brasil and Mexico),Other Latin America,Rest S. America,,Latin America and the Caribbean,,,Rest of energy producing countries,Rest of energy producing countries,Rest of energy producing countries,,nan_marker,,,Latin America and the Caribbean,Rest S. America
VGB,United States,,,,Other Latin America,Latin america and Caraibes (except Brasil and Mexico),Other Latin America,Rest C. America,,,,,Rest of the World_marker,Rest of the World_marker,Rest of the World_marker,,nan_marker,,,,Rest C. America
VIR,United States,,,,Other Latin America,Latin america and Caraibes (except Brasil and Mexico),United States of America,Rest C. America,,,,,Rest of the World_marker,Rest of the World_marker,Rest of the World_marker,,nan_marker,,,,Rest C. America
VNM,Rest of Asia and Oceania,Centrally Planned Asia and China,Centrally Planned Asia and China,,Other Developing Asia,South-East Asia,"Viet Nam, Cambodia, Laos",SE. Asia,,Centrally Planned Asia and China,,,Rest of the World_marker,Rest of the World_marker,Rest of the World_marker,,nan_marker,,,Centrally Planned Asia and China,SE. Asia
VUT,Rest of Asia and Oceania,Other Pacific Asia,Other Pacific Asia,,Other Developing Asia,Oceania,Other Asia,Oceania,,Other Pacific Asia,,,Rest of the World_marker,Rest of the World_marker,Rest of the World_marker,,nan_marker,,,Other Pacific Asia,Oceania
WLF,Rest of Asia and Oceania,,,,Other Developing Asia,Oceania,Other Asia,Oceania,,,,,Rest of the World_marker,Rest of the World_marker,Rest of the World_marker,,nan_marker,,,,Oceania
WSM,Rest of Asia and Oceania,Other Pacific Asia,Other Pacific Asia,,Other Developing Asia,Oceania,Other Africa,Oceania,,Other Pacific Asia,,,Rest of the World_marker,Rest of the World_marker,Rest of the World_marker,,nan_marker,,,Other Pacific Asia,Oceania
YEM,Middle East,Middle East and North Africa,Middle East and North Africa,,Middle East,Moyen-Orient and North Africa,Middle East & North Africa,Middle East,,Middle East and North Africa,,,Rest of energy producing countries,Rest of energy producing countries,Rest of energy producing countries,,nan_marker,,,Middle East and North Africa,Middle East
ZAF,South Africa,Sub-saharan Africa,Sub-saharan Africa,,South Africa,South Africa,South Africa,South Africa,,Sub-saharan Africa,,,South Africa,South Africa,South Africa,,nan_marker,,,Sub-saharan Africa,South Africa
ZMB,Africa (excluding South Africa),Sub-saharan Africa,Sub-saharan Africa,,Southern Africa,Sub-Saharian African (except South Africa),Other Africa,Rest S. Africa,,Sub-saharan Africa,,,Rest of the World_marker,Rest of the World_marker,Rest of the World_marker,,nan_marker,,,Sub-saharan Africa,Rest S. Africa
ZWE,Africa (excluding South Africa),Sub-saharan Africa,Sub-saharan Africa,,Southern Africa,Sub-Saharian African (except South Africa),Other Africa,Rest S. Africa,,Sub-saharan Africa,,,Rest of the World_marker,Rest of the World_marker,Rest of the World_marker,,nan_marker,,,Sub-saharan Africa,Rest S. Africa
